City_ID,City,Country,Date,Lat,Lng,Max Temp,Humidity,Cloudiness,Wind Speed
0,Kapaa,US,2022-12-10 15:34:34,22.0752,-159.319,75.52,78,0,12.66
1,Rikitea,PF,2022-12-10 15:34:34,-23.1203,-134.9692,75.92,75,83,16.24
2,Sitka,US,2022-12-10 15:34:35,57.0531,-135.33,30.09,64,0,0.0
3,Linxia,CN,2022-12-10 15:34:35,35.6003,103.2064,25.47,59,62,1.57
4,Lagoa,PT,2022-12-10 15:34:35,39.05,-27.9833,64.06,74,0,25.64
5,Bubaque,GW,2022-12-10 15:34:35,11.2833,-15.8333,81.28,74,3,11.5
6,Bandar,ID,2022-12-10 15:34:36,2.05,99.75,72.43,99,100,1.45
7,Dunedin,NZ,2022-12-10 15:34:36,-45.8742,170.5036,53.8,98,90,4.56
8,Atuona,PF,2022-12-10 15:34:36,-9.8,-139.0333,76.39,76,48,11.27
9,Toora-Khem,RU,2022-12-10 15:34:37,52.4675,96.11,-3.01,100,100,0.18
10,Hermanus,ZA,2022-12-10 15:34:37,-34.4187,19.2345,67.8,79,100,21.14
11,Mahebourg,MU,2022-12-10 15:34:37,-20.4081,57.7,77.25,94,75,5.75
12,Hobart,AU,2022-12-10 15:34:37,-42.8794,147.3294,55.26,87,75,4.61
13,Saint-Philippe,RE,2022-12-10 15:34:38,-21.3585,55.7679,78.39,86,44,11.88
14,Busselton,AU,2022-12-10 15:34:38,-33.65,115.3333,53.87,76,0,13.56
15,Khatanga,RU,2022-12-10 15:34:38,71.9667,102.5,-7.56,98,100,8.86
16,Saskylakh,RU,2022-12-10 15:34:39,71.9167,114.0833,-19.66,100,100,3.98
17,Ushuaia,AR,2022-12-10 15:34:39,-54.8,-68.3,53.22,57,75,26.46
18,Makat,KZ,2022-12-10 15:34:39,47.6469,53.3463,21.52,88,6,13.31
19,Batemans Bay,AU,2022-12-10 15:34:39,-35.7167,150.1833,51.35,91,30,3.83
20,Lakes Entrance,AU,2022-12-10 15:34:40,-37.8811,147.981,51.17,88,46,6.04
21,Elmina,GH,2022-12-10 15:34:40,5.0898,-1.348,83.95,69,8,10.25
22,Saldanha,ZA,2022-12-10 15:34:40,-33.0117,17.9442,71.65,82,100,9.82
23,Butaritari,KI,2022-12-10 15:34:40,3.0707,172.7902,81.5,75,28,17.74
24,Hambantota,LK,2022-12-10 15:34:41,6.1241,81.1185,75.54,100,20,8.05
25,Chuy,UY,2022-12-10 15:34:41,-33.6971,-53.4616,78.21,65,99,14.18
26,Cherskiy,RU,2022-12-10 15:34:41,68.75,161.3,-30.98,98,100,3.0
27,Aden,YE,2022-12-10 15:30:39,12.7794,45.0367,78.46,69,2,9.64
28,Gat,IL,2022-12-10 15:34:42,31.61,34.7642,67.41,8,0,5.84
29,Jamestown,US,2022-12-10 15:29:57,42.097,-79.2353,35.02,50,0,8.01
30,Coquimbo,CL,2022-12-10 15:30:06,-29.9533,-71.3436,64.13,88,100,12.66
31,Bluff,NZ,2022-12-10 15:34:42,-46.6,168.3333,52.63,91,99,4.43
32,Mataura,NZ,2022-12-10 15:34:42,-46.1927,168.8643,49.37,99,98,0.67
33,Port Alfred,ZA,2022-12-10 15:34:43,-33.5906,26.891,71.19,93,100,3.0
34,Punta Arenas,CL,2022-12-10 15:32:35,-53.15,-70.9167,53.71,43,0,21.85
35,Grand-Lahou,CI,2022-12-10 15:34:43,5.1367,-5.0242,84.15,67,23,6.62
36,Makubetsu,JP,2022-12-10 15:34:43,45.3714,141.8211,30.16,64,100,11.92
37,Trinidad,BO,2022-12-10 15:33:21,-14.8333,-64.9,91.38,62,75,13.8
38,Itarema,BR,2022-12-10 15:34:43,-2.9248,-39.9167,87.89,57,13,18.39
39,Shetpe,KZ,2022-12-10 15:34:44,44.1667,52.1167,25.2,33,0,17.54
40,Mackay,AU,2022-12-10 15:31:25,-21.15,149.2,77.68,75,36,9.19
41,Warwick,US,2022-12-10 15:34:44,41.7001,-71.4162,38.01,74,75,19.57
42,Moosomin,CA,2022-12-10 15:34:44,50.1333,-101.6677,12.79,90,8,7.45
43,Constitucion,CL,2022-12-10 15:34:45,-35.3333,-72.4167,72.12,48,1,18.03
44,Shingu,JP,2022-12-10 15:34:45,33.7333,135.9833,50.77,85,20,5.53
45,Derzhavinsk,KZ,2022-12-10 15:34:45,51.1,66.3167,4.39,82,38,8.97
46,Albany,US,2022-12-10 15:35:12,42.6001,-73.9662,25.25,72,0,3.98
47,Kodiak,US,2022-12-10 15:35:45,57.79,-152.4072,31.51,51,0,0.0
48,Puerto Ayora,EC,2022-12-10 15:35:46,-0.7393,-90.3518,78.76,91,96,4.0
49,Tiksi,RU,2022-12-10 15:35:46,71.6872,128.8694,-19.07,96,99,8.97
50,Vanavara,RU,2022-12-10 15:35:46,60.34,102.2797,2.23,97,100,4.9
51,Bethel,US,2022-12-10 15:35:47,41.3712,-73.414,36.18,56,0,4.61
52,Kruisfontein,ZA,2022-12-10 15:35:47,-34.0033,24.7314,73.89,94,82,7.09
53,Praia Da Vitoria,PT,2022-12-10 15:35:47,38.7333,-27.0667,68.25,77,20,30.89
54,Hithadhoo,MV,2022-12-10 15:35:26,-0.6,73.0833,81.66,76,92,13.38
55,Qaanaaq,GL,2022-12-10 15:35:48,77.484,-69.3632,4.12,93,100,6.67
56,Vostok,RU,2022-12-10 15:35:48,46.4856,135.8833,2.01,98,100,4.14
57,Talaya,RU,2022-12-10 15:35:48,61.3833,152.75,-32.24,100,100,0.45
58,Kavieng,PG,2022-12-10 15:35:49,-2.5744,150.7967,81.07,78,100,6.31
59,Port Elizabeth,ZA,2022-12-10 15:35:49,-33.918,25.5701,76.1,92,75,11.5
60,Curuca,BR,2022-12-10 15:35:49,-0.7289,-47.8481,85.59,64,100,9.04
61,Poum,NC,2022-12-10 15:35:50,-20.2333,164.0167,80.13,79,98,8.46
62,Fortuna,US,2022-12-10 15:31:09,40.5982,-124.1573,46.74,94,100,12.66
63,Hilo,US,2022-12-10 15:35:50,19.7297,-155.09,70.61,85,40,7.0
64,Te Anau,NZ,2022-12-10 15:35:50,-45.4167,167.7167,46.63,97,75,1.57
65,Hasaki,JP,2022-12-10 15:35:50,35.7333,140.8333,48.22,69,12,6.2
66,Avarua,CK,2022-12-10 15:35:51,-21.2078,-159.775,75.25,78,75,8.05
67,Alekseyevsk,RU,2022-12-10 15:35:51,57.8406,108.3492,13.53,93,100,10.78
68,Mildura,AU,2022-12-10 15:31:43,-34.2,142.15,71.08,44,22,14.45
69,Severo-Kurilsk,RU,2022-12-10 15:35:51,50.6789,156.125,23.49,65,77,4.92
70,Upernavik,GL,2022-12-10 15:35:52,72.7868,-56.1549,31.3,83,100,27.47
71,Beringovskiy,RU,2022-12-10 15:35:52,63.05,179.3167,30.67,98,100,14.16
72,Clyde River,CA,2022-12-10 15:35:52,70.4692,-68.5914,-19.97,76,0,3.44
73,Provideniya,RU,2022-12-10 15:35:52,64.3833,-173.3,29.17,96,100,36.71
74,Vardo,NO,2022-12-10 15:35:53,70.3705,31.1107,26.58,74,100,24.16
75,Katesh,TZ,2022-12-10 15:35:53,-4.5167,35.3833,67.21,56,93,3.76
76,Ribeira Grande,PT,2022-12-10 15:35:53,38.5167,-28.7,66.78,82,40,25.99
77,Petropavlovsk-Kamchatskiy,RU,2022-12-10 15:35:54,53.0452,158.6483,5.59,78,0,6.71
78,Melnikovo,RU,2022-12-10 15:35:54,56.5558,84.085,0.25,97,100,4.68
79,Ust-Nera,RU,2022-12-10 15:35:54,64.5667,143.2,-38.0,98,99,4.63
80,Challapata,BO,2022-12-10 15:35:54,-18.9,-66.7667,65.07,32,68,6.44
81,Hamilton,US,2022-12-10 15:35:30,39.1834,-84.5333,43.74,91,100,5.75
82,Havelock,US,2022-12-10 15:33:35,34.8791,-76.9013,55.35,75,0,11.5
83,Karonga,MW,2022-12-10 15:35:55,-9.9333,33.9333,75.76,76,100,2.46
84,Ponta Do Sol,PT,2022-12-10 15:35:55,32.6667,-17.1,75.0,91,100,5.95
85,Sovetskiy,RU,2022-12-10 15:35:55,61.3614,63.5842,-12.17,95,57,3.6
86,Steamboat Springs,US,2022-12-10 15:35:56,40.485,-106.8317,29.7,62,0,4.61
87,Gwadar,PK,2022-12-10 15:35:56,25.1216,62.3254,75.45,47,0,3.56
88,San Patricio,US,2022-12-10 15:35:56,28.017,-97.5169,74.91,73,31,12.12
89,Yellowknife,CA,2022-12-10 15:34:27,62.456,-114.3525,-3.48,84,75,6.91
90,Husavik,IS,2022-12-10 15:35:56,66.0449,-17.3389,22.53,85,55,7.67
91,Kavaratti,IN,2022-12-10 15:36:57,10.5669,72.642,81.72,69,43,13.24
92,Cabo San Lucas,MX,2022-12-10 15:34:04,22.8909,-109.9124,72.52,80,0,4.61
93,Chokurdakh,RU,2022-12-10 15:36:57,70.6333,147.9167,-20.6,98,100,10.2
94,Victoria,HK,2022-12-10 15:34:33,22.2855,114.1577,64.45,69,1,1.99
95,Vaini,TO,2022-12-10 15:36:57,-21.2,-175.2,73.56,100,100,1.14
96,Kefar Tavor,IL,2022-12-10 15:36:58,32.6866,35.4212,66.63,53,1,3.83
97,Mar Del Plata,AR,2022-12-10 15:34:17,-38.0023,-57.5575,84.83,57,0,9.22
98,Bathsheba,BB,2022-12-10 15:36:58,13.2167,-59.5167,84.81,72,20,12.66
99,Abalak,RU,2022-12-10 15:36:58,58.1286,68.5944,2.32,89,100,2.51
100,Loukhi,RU,2022-12-10 15:36:59,66.0764,33.0381,22.69,93,100,9.4
101,Dingle,PH,2022-12-10 15:36:59,10.9995,122.6711,74.01,93,97,3.38
102,Arraial Do Cabo,BR,2022-12-10 15:36:59,-22.9661,-42.0278,85.96,74,0,13.8
103,Yuncheng,CN,2022-12-10 15:36:59,35.0231,110.9928,29.52,21,95,2.08
104,Kannangad,IN,2022-12-10 15:37:00,12.3081,75.1063,77.61,72,100,9.08
105,New Norfolk,AU,2022-12-10 15:37:00,-42.7826,147.0587,54.9,77,49,1.57
106,Prado,BR,2022-12-10 15:37:00,-17.3411,-39.2208,82.22,68,76,13.24
107,Karachi,PK,2022-12-10 15:37:01,24.9056,67.0822,71.42,40,0,6.91
108,Katakwi,UG,2022-12-10 15:37:01,1.8911,33.9661,75.81,52,92,5.91
109,Hohhot,CN,2022-12-10 15:37:01,40.8106,111.6522,3.49,66,0,6.71
110,Luderitz,NA,2022-12-10 15:37:01,-26.6481,15.1594,68.92,72,0,17.85
111,Pucara,PE,2022-12-10 15:37:02,-15.9803,-71.4606,44.73,39,35,0.29
112,Georgetown,MY,2022-12-10 15:34:46,5.4112,100.3354,78.75,88,40,5.99
113,Tasiilaq,GL,2022-12-10 15:37:02,65.6145,-37.6368,23.16,57,91,4.52
114,Barrow,US,2022-12-10 15:37:02,71.2906,-156.7887,14.02,79,100,6.91
115,Marawi,PH,2022-12-10 15:37:03,7.9986,124.2928,67.77,92,91,4.65
116,Tomatlan,MX,2022-12-10 15:37:03,19.9333,-105.25,79.0,68,8,0.22
117,Tahe,CN,2022-12-10 15:37:04,52.3333,124.7333,-11.34,97,13,3.42
118,Sioux Lookout,CA,2022-12-10 15:37:04,50.1001,-91.917,26.67,86,100,5.75
119,Cayenne,GF,2022-12-10 15:37:05,4.9333,-52.3333,86.04,66,20,14.97
120,Lebu,CL,2022-12-10 15:33:08,-37.6167,-73.65,64.89,65,0,13.4
121,Cape Town,ZA,2022-12-10 15:37:05,-33.9258,18.4232,79.12,72,20,21.85
122,Cap Malheureux,MU,2022-12-10 15:37:05,-19.9842,57.6142,77.47,74,36,5.01
123,Esperance,AU,2022-12-10 15:37:05,-33.8667,121.9,58.77,69,100,13.02
124,San Carlos,VE,2022-12-10 15:37:06,9.6612,-68.5827,85.86,53,81,4.07
125,Igrim,RU,2022-12-10 15:37:06,63.1906,64.4162,-15.92,99,17,1.3
126,Mackenzie,CA,2022-12-10 15:37:06,55.2999,-123.1698,21.42,73,100,10.36
127,Benguela,AO,2022-12-10 15:37:07,-12.5763,13.4055,79.59,72,51,9.19
128,Ilo,PE,2022-12-10 15:37:07,-17.6394,-71.3375,74.26,64,0,8.05
129,Ayr,GB,2022-12-10 15:37:08,55.4627,-4.6339,37.31,93,75,2.3
130,Cabedelo,BR,2022-12-10 15:37:08,-6.9811,-34.8339,88.47,67,49,10.94
131,Port Blair,IN,2022-12-10 15:37:08,11.6667,92.75,78.84,89,40,0.0
132,Divnomorskoye,RU,2022-12-10 15:37:08,44.5011,38.1353,54.21,83,98,12.26
133,Souillac,MU,2022-12-10 15:37:09,-20.5167,57.5167,75.58,94,75,5.75
134,Isla Mujeres,MX,2022-12-10 15:37:09,21.2311,-86.731,80.65,71,16,12.71
135,Pevek,RU,2022-12-10 15:38:09,69.7008,170.3133,-11.58,94,100,11.41
136,Villazon,BO,2022-12-10 15:38:10,-22.0866,-65.5942,65.89,38,99,7.96
137,Carnarvon,AU,2022-12-10 15:38:10,-24.8667,113.6333,70.34,69,2,23.8
138,Redlands,US,2022-12-10 15:38:10,34.0556,-117.1825,57.43,58,0,0.0
139,Port-Gentil,GA,2022-12-10 15:38:10,-0.7193,8.7815,78.76,89,75,5.75
140,Dikson,RU,2022-12-10 15:38:11,73.5069,80.5464,-4.79,100,100,3.53
141,Tiznit,MA,2022-12-10 15:38:11,29.5833,-9.5,64.99,57,100,5.5
142,Nikolskoye,RU,2022-12-10 15:38:11,59.7035,30.7861,22.89,100,89,3.27
143,Thanatpin,MM,2022-12-10 15:38:11,17.2119,96.3033,76.8,68,63,5.03
144,Ilulissat,GL,2022-12-10 15:38:12,69.2167,-51.1,28.42,50,40,8.05
145,Atotonilco El Grande,MX,2022-12-10 15:38:12,20.2833,-98.6667,61.59,52,0,0.81
146,Lorengau,PG,2022-12-10 15:38:12,-2.0226,147.2712,79.86,81,16,2.84
147,Jumla,NP,2022-12-10 15:38:13,29.2747,82.1838,39.54,29,0,5.21
148,Itaituba,BR,2022-12-10 15:38:13,-4.2761,-55.9836,91.56,58,40,8.05
149,Nhulunbuy,AU,2022-12-10 15:38:13,-12.2333,136.7667,83.01,78,100,4.61
150,Caravelas,BR,2022-12-10 15:38:13,-17.7125,-39.2481,86.56,59,49,11.72
151,Saint George,US,2022-12-10 15:36:13,37.1041,-113.5841,28.99,86,0,3.44
152,Kaitangata,NZ,2022-12-10 15:38:14,-46.2817,169.8464,50.2,97,99,2.73
153,San Quintin,MX,2022-12-10 15:38:14,30.4833,-115.95,58.14,60,0,3.09
154,Yarim,YE,2022-12-10 15:38:14,14.298,44.3779,53.98,65,36,1.48
155,Harper,LR,2022-12-10 15:38:15,4.375,-7.7169,83.88,66,30,8.61
156,Meadow Lake,US,2022-12-10 15:38:15,34.8014,-106.5436,46.49,37,17,3.0
157,Tuktoyaktuk,CA,2022-12-10 15:38:15,69.4541,-133.0374,-2.2,84,75,6.91
158,Mattru,SL,2022-12-10 15:38:15,7.6244,-11.8332,85.23,60,98,4.63
159,Bengkulu,ID,2022-12-10 15:38:16,-3.8004,102.2655,74.98,90,100,3.98
160,Salekhard,RU,2022-12-10 15:36:35,66.53,66.6019,-12.26,96,68,1.74
161,Dabhol,IN,2022-12-10 15:38:16,17.6,73.1667,71.85,56,97,5.93
162,Ballina,AU,2022-12-10 15:38:16,-28.8667,153.5667,65.01,94,100,9.26
163,Longyearbyen,SJ,2022-12-10 15:38:17,78.2186,15.6401,21.04,86,75,5.75
164,Xai-Xai,MZ,2022-12-10 15:38:17,-25.0519,33.6442,79.2,67,0,10.58
165,Bambous Virieux,MU,2022-12-10 15:38:17,-20.3428,57.7575,77.22,94,75,5.75
166,Udachnyy,RU,2022-12-10 15:38:18,66.4167,112.4,-29.56,73,100,4.43
167,Chapais,CA,2022-12-10 15:38:18,49.7834,-74.8492,-2.42,76,64,8.46
168,Ahipara,NZ,2022-12-10 15:38:18,-35.1667,173.1667,63.75,96,99,5.03
169,Pacific Grove,US,2022-12-10 15:38:19,36.6177,-121.9166,59.41,86,100,30.0
170,Luxor,EG,2022-12-10 15:38:19,25.6989,32.6421,78.85,29,0,0.0
171,Bonthe,SL,2022-12-10 15:38:19,7.5264,-12.505,82.69,69,90,9.46
172,Nichinan,JP,2022-12-10 15:38:20,31.6,131.3667,56.32,84,61,4.83
173,Castro Verde,PT,2022-12-10 15:38:20,37.6983,-8.0858,58.42,69,97,6.53
174,Anjozorobe,MG,2022-12-10 15:38:20,-18.4,47.8667,64.42,85,40,9.1
175,Rampur,IN,2022-12-10 15:38:20,28.8167,79.0333,63.9,42,0,6.96
176,La Libertad,EC,2022-12-10 15:38:21,-2.2333,-80.9,73.06,78,0,9.22
177,Castro,BR,2022-12-10 15:38:21,-24.7911,-50.0119,83.48,50,23,7.47
178,Durango,MX,2022-12-10 15:37:20,24.8333,-104.8333,60.6,31,67,4.12
179,Shimoda,JP,2022-12-10 15:38:21,34.6667,138.95,54.55,70,4,7.61
180,Thompson,CA,2022-12-10 15:34:46,55.7435,-97.8558,21.36,86,100,6.91
181,East London,ZA,2022-12-10 15:38:22,-33.0153,27.9116,74.34,88,100,13.8
182,Bredasdorp,ZA,2022-12-10 15:39:22,-34.5322,20.0403,68.47,80,98,17.2
183,Leningradskiy,RU,2022-12-10 15:39:22,69.3833,178.4167,-4.72,98,100,4.7
184,Faanui,PF,2022-12-10 15:39:23,-16.4833,-151.75,79.25,73,96,7.87
185,Borogontsy,RU,2022-12-10 15:39:23,62.6683,131.1683,-28.97,99,100,3.18
186,Araguaina,BR,2022-12-10 15:39:23,-7.1911,-48.2072,91.13,47,96,2.01
187,Buala,SB,2022-12-10 15:39:24,-8.145,159.5921,78.46,84,100,2.24
188,Campana,AR,2022-12-10 15:39:24,-34.1687,-58.9591,89.91,34,89,8.05
189,Samana,DO,2022-12-10 15:39:24,19.2056,-69.3369,80.56,78,75,11.5
190,Iqaluit,CA,2022-12-10 15:39:25,63.7506,-68.5145,-9.67,77,20,17.27
191,Santa Maria,BR,2022-12-10 15:39:25,-29.6842,-53.8069,85.3,58,0,3.44
192,Ouallam,NE,2022-12-10 15:39:25,14.3188,2.0866,89.38,7,0,12.21
193,Mecca,SA,2022-12-10 15:38:10,21.4267,39.8261,80.1,47,11,12.97
194,Zhezkazgan,KZ,2022-12-10 15:39:25,47.8043,67.7144,3.49,90,7,4.25
195,Haines Junction,CA,2022-12-10 15:39:26,60.7522,-137.5108,-9.45,84,54,3.44
196,Halifax,CA,2022-12-10 15:37:16,44.6453,-63.5724,34.21,87,100,25.32
197,Clearlake,US,2022-12-10 15:39:26,38.9582,-122.6264,48.34,71,100,16.06
198,Sarkand,KZ,2022-12-10 15:39:26,45.41,79.9186,4.39,64,0,7.45
199,Parabel,RU,2022-12-10 15:39:27,58.6978,81.4825,-18.36,99,62,5.19
200,Sistranda,NO,2022-12-10 15:39:27,63.7256,8.834,19.36,67,4,13.76
201,Kautokeino,NO,2022-12-10 15:39:27,69.0125,23.0412,2.3,98,100,3.69
202,Saint Anthony,US,2022-12-10 15:39:27,45.0205,-93.218,32.95,90,100,9.22
203,Launceston,AU,2022-12-10 15:39:28,-41.45,147.1667,49.15,84,43,4.61
204,Brae,GB,2022-12-10 15:39:28,60.3964,-1.353,39.79,64,99,17.05
205,La Rioja,ES,2022-12-10 15:39:28,42.25,-2.5,38.98,79,95,4.07
206,Zhigansk,RU,2022-12-10 15:39:29,66.7697,123.3711,-41.53,99,61,8.3
207,Paita,PE,2022-12-10 15:39:29,-5.0892,-81.1144,72.16,70,88,6.8
208,Paramonga,PE,2022-12-10 15:39:29,-10.6667,-77.8333,69.42,80,100,6.2
209,San Cristobal,VE,2022-12-10 15:36:27,7.7669,-72.225,71.78,45,57,2.3
210,Berlevag,NO,2022-12-10 15:39:30,70.8578,29.0864,19.35,73,100,12.66
211,Nome,US,2022-12-10 15:36:14,64.5011,-165.4064,27.16,100,100,26.46
212,Porto Torres,IT,2022-12-10 15:39:30,40.835,8.3972,57.38,69,99,21.52
213,Bardiyah,LY,2022-12-10 15:39:30,31.7561,25.0865,67.82,57,34,7.36
214,Yar-Sale,RU,2022-12-10 15:39:30,66.8333,70.8333,-14.49,99,26,7.27
215,Torbay,CA,2022-12-10 15:35:39,47.6666,-52.7314,38.75,97,100,21.0
216,Janauba,BR,2022-12-10 15:39:31,-15.8025,-43.3089,85.73,51,91,10.71
217,Yima,CN,2022-12-10 15:39:31,34.7381,111.8839,31.55,30,70,4.5
218,Mitu,CO,2022-12-10 15:39:31,1.1983,-70.1733,73.9,94,96,1.23
219,Cidreira,BR,2022-12-10 15:39:32,-30.1811,-50.2056,78.55,78,88,10.38
220,Kjopsvik,NO,2022-12-10 15:39:32,68.097,16.3742,17.47,71,29,7.58
221,Outlook,CA,2022-12-10 15:39:32,51.5001,-107.0513,3.04,95,41,4.23
222,Laguna,US,2022-12-10 15:39:32,38.421,-121.4238,52.75,86,100,33.38
223,Merta,IN,2022-12-10 15:39:33,26.65,74.0333,65.86,33,0,5.91
224,Shieli,KZ,2022-12-10 15:39:33,44.1667,66.75,13.33,80,1,8.21
225,Belyy Yar,RU,2022-12-10 15:39:33,53.6039,91.3903,12.09,71,99,17.9
226,Turbat,PK,2022-12-10 15:39:33,26.0023,63.044,70.61,30,0,13.29
227,Lipin Bor,RU,2022-12-10 15:39:34,60.2622,37.9763,17.15,96,93,5.97
228,Rovaniemi,FI,2022-12-10 15:39:34,66.5,25.7167,20.61,93,20,16.11
229,Kirakira,SB,2022-12-10 15:40:34,-10.4544,161.9205,76.1,89,100,2.06
230,Nikolsk,RU,2022-12-10 15:40:35,53.7189,46.0712,24.39,91,100,17.27
231,Kota Kinabalu,MY,2022-12-10 15:40:35,5.9749,116.0724,76.98,88,20,5.01
232,Komsomolskiy,UZ,2022-12-10 15:40:35,40.4272,71.7189,27.32,93,75,6.91
233,Pahalgam,IN,2022-12-10 15:40:35,34.0333,75.3333,25.59,84,92,9.01
234,Olafsvik,IS,2022-12-10 15:40:36,64.8945,-23.7142,33.06,72,9,8.59
235,Ust-Kan,RU,2022-12-10 15:40:36,50.9276,84.761,-5.03,90,67,6.42
236,Abbeville,FR,2022-12-10 15:40:36,50.1,1.8333,37.49,89,97,6.55
237,Samarai,PG,2022-12-10 15:40:37,-10.6167,150.6667,82.69,75,94,2.55
238,Shiloh,US,2022-12-10 15:40:37,38.5614,-89.8973,40.91,95,100,4.61
239,Dengzhou,CN,2022-12-10 15:40:37,37.8086,120.7508,36.37,54,70,16.2
240,Qaqortoq,GL,2022-12-10 15:40:37,60.7167,-46.0333,16.79,68,0,7.43
241,Portobelo,PA,2022-12-10 15:40:38,9.55,-79.65,84.96,68,4,13.04
242,Shelburne,CA,2022-12-10 15:40:06,44.0787,-80.2041,21.99,86,1,13.8
243,La Palma,US,2022-12-10 15:40:38,33.8464,-118.0467,57.49,83,75,0.0
244,Ambilobe,MG,2022-12-10 15:40:38,-13.2,49.05,77.13,83,61,2.35
245,Codrington,AU,2022-12-10 15:40:39,-38.2667,141.9667,58.93,73,52,2.86
246,Barra Velha,BR,2022-12-10 15:40:39,-26.6322,-48.6847,84.09,59,66,8.41
247,Vangaindrano,MG,2022-12-10 15:40:39,-23.35,47.6,74.1,82,12,5.48
248,Svencioneliai,LT,2022-12-10 15:40:39,55.1667,26.0,25.18,92,100,6.98
249,Moroni,KM,2022-12-10 15:40:40,-11.7022,43.2551,84.2,79,40,10.36
250,Kralendijk,BQ,2022-12-10 15:37:37,12.15,-68.2667,84.18,61,75,11.5
251,Juneau,US,2022-12-10 15:40:40,58.3019,-134.4197,26.22,84,20,5.75
252,Gizo,SB,2022-12-10 15:40:40,-8.103,156.8419,81.82,75,99,3.31
253,Revin,FR,2022-12-10 15:40:41,49.9404,4.635,30.11,91,10,3.27
254,Jonesboro,US,2022-12-10 15:40:41,35.8423,-90.7043,44.37,93,100,8.05
255,Touros,BR,2022-12-10 15:40:41,-5.1989,-35.4608,86.59,59,66,13.15
256,Catuday,PH,2022-12-10 15:40:41,16.2923,119.8062,78.66,80,100,21.12
257,Bogandinskiy,RU,2022-12-10 15:40:42,56.8937,65.8938,14.52,92,100,7.49
258,Nanortalik,GL,2022-12-10 15:40:42,60.1432,-45.2371,24.01,81,4,7.58
259,Port Lincoln,AU,2022-12-10 15:40:42,-34.7333,135.8667,61.84,81,98,12.37
260,Mount Gambier,AU,2022-12-10 15:40:42,-37.8333,140.7667,55.78,83,36,4.76
261,Mandera,KE,2022-12-10 15:40:43,3.9366,41.867,91.31,31,100,1.97
262,Ayorou,NE,2022-12-10 15:40:43,14.7308,0.9174,89.47,7,0,11.79
263,Airai,TL,2022-12-10 15:40:43,-8.9266,125.4092,60.01,76,82,2.1
264,Khovu-Aksy,RU,2022-12-10 15:40:44,51.1333,93.6,-3.53,99,100,1.1
265,Port Hedland,AU,2022-12-10 15:40:44,-20.3167,118.5667,87.85,48,1,10.36
266,Vallenar,CL,2022-12-10 15:40:44,-28.5708,-70.7581,83.7,39,2,9.13
267,Seymchan,RU,2022-12-10 15:40:44,62.8833,152.4333,-41.51,100,100,0.27
268,Nesbyen,NO,2022-12-10 15:40:45,60.5681,9.1027,11.01,83,83,2.26
269,Hovd,MN,2022-12-10 15:40:45,48.0056,91.6419,2.17,72,64,6.04
270,Klaksvik,FO,2022-12-10 15:40:45,62.2266,-6.589,38.32,68,85,26.04
271,Kang,BW,2022-12-10 15:40:45,-23.6752,22.7876,88.66,25,61,10.56
272,Lata,PT,2022-12-10 15:40:46,40.1629,-8.3327,54.07,71,72,4.74
273,Inverell,AU,2022-12-10 15:40:46,-29.7833,151.1167,62.67,87,44,4.0
274,Raga,SS,2022-12-10 15:40:46,8.4596,25.678,82.81,21,30,4.43
275,Haifa,IL,2022-12-10 15:41:47,32.8156,34.9892,67.14,70,2,6.91
276,Pedernales,DO,2022-12-10 15:41:47,18.0384,-71.744,79.14,62,0,5.95
277,Sidi Ali,DZ,2022-12-10 15:41:47,36.0998,0.4206,59.16,82,25,20.49
278,Tessalit,ML,2022-12-10 15:41:47,20.1986,1.0114,85.42,7,0,8.08
279,Marienburg,PL,2022-12-10 15:41:48,54.0359,19.0266,32.04,90,75,3.62
280,Pozo Colorado,PY,2022-12-10 15:41:48,-23.4923,-58.7972,102.63,30,100,5.77
281,Creel,MX,2022-12-10 15:41:48,27.75,-107.6333,49.1,45,21,7.25
282,Maragogi,BR,2022-12-10 15:41:48,-9.0122,-35.2225,85.3,60,75,10.6
283,Upata,VE,2022-12-10 15:41:49,8.0086,-62.3989,81.19,63,80,3.67
284,Margate,GB,2022-12-10 15:41:49,51.3813,1.3862,37.69,77,32,1.01
285,North Bend,US,2022-12-10 15:41:49,43.4065,-124.2243,48.07,96,100,13.8
286,Port Hardy,CA,2022-12-10 15:41:50,50.6996,-127.4199,39.38,87,100,24.16
287,Chistogorskiy,RU,2022-12-10 15:41:50,53.9835,87.3843,6.28,91,100,13.06
288,Skjervoy,NO,2022-12-10 15:41:50,70.0311,20.9714,17.6,72,70,17.4
289,Barcelos,PT,2022-12-10 15:41:50,41.5388,-8.6151,52.92,75,100,1.23
290,Korla,CN,2022-12-10 15:41:51,41.7597,86.1469,22.98,48,2,0.78
291,Kodinsk,RU,2022-12-10 15:41:51,58.6881,99.1844,6.84,92,100,9.13
292,Minas,UY,2022-12-10 15:41:51,-34.3759,-55.2377,88.81,28,90,12.57
293,Promyshlennovskiy,RU,2022-12-10 15:41:51,55.4833,86.2,3.97,94,100,10.63
294,Kiruna,SE,2022-12-10 15:41:52,67.8557,20.2251,5.92,92,100,3.44
295,Ovalle,CL,2022-12-10 15:41:52,-30.5983,-71.2003,86.38,39,5,6.08
296,Bahia Blanca,AR,2022-12-10 15:41:52,-38.7196,-62.2724,90.28,22,1,1.99
297,Yeppoon,AU,2022-12-10 15:41:53,-23.1333,150.7333,74.98,83,75,15.5
298,Nara,JP,2022-12-10 15:40:14,34.6851,135.8049,45.91,62,77,1.57
299,Kirov,RU,2022-12-10 15:41:53,58.5966,49.6601,20.14,96,100,5.66
300,Marsa Matruh,EG,2022-12-10 15:36:55,31.3525,27.2453,68.2,68,40,5.75
301,Healdsburg,US,2022-12-10 15:41:53,38.6105,-122.8692,55.35,87,100,10.36
302,Santa Rosa,PH,2022-12-10 15:37:25,14.3122,121.1114,79.11,96,100,3.02
303,Sao Filipe,CV,2022-12-10 15:41:54,14.8961,-24.4956,78.93,68,56,4.74
304,Burns Lake,CA,2022-12-10 15:41:54,54.2331,-125.7533,20.62,96,100,4.12
305,Takoradi,GH,2022-12-10 15:41:54,4.8845,-1.7554,83.98,67,7,9.6
306,Midland,US,2022-12-10 15:41:54,31.9974,-102.0779,56.48,95,100,7.0
307,Pochutla,MX,2022-12-10 15:41:55,15.7432,-96.4661,83.82,41,0,3.09
308,Belmonte,BR,2022-12-10 15:41:55,-15.8631,-38.8828,80.83,81,100,9.4
309,Vila Velha,BR,2022-12-10 15:41:55,-20.3297,-40.2925,87.94,74,20,16.11
310,Fairbanks,US,2022-12-10 15:41:56,64.8378,-147.7164,8.6,76,100,3.44
311,Tilichiki,RU,2022-12-10 15:41:56,60.4667,166.1,-6.56,96,68,5.46
312,Prince Rupert,CA,2022-12-10 15:41:56,54.3161,-130.3201,40.69,79,0,19.57
313,Agadir,MA,2022-12-10 15:41:56,30.4202,-9.5982,73.85,72,100,5.32
314,Kidal,ML,2022-12-10 15:41:57,18.4411,1.4078,85.08,8,0,8.5
315,Sola,VU,2022-12-10 15:41:57,-13.8833,167.55,80.1,72,98,2.1
316,Altamira,BR,2022-12-10 15:41:57,-3.2033,-52.2064,86.09,74,75,8.05
317,Tautira,PF,2022-12-10 15:41:57,-17.7333,-149.15,78.28,75,47,6.46
318,Icusesti,RO,2022-12-10 15:41:58,46.8,26.9333,51.19,82,55,4.56
319,Miri,MY,2022-12-10 15:42:58,4.4148,114.0089,77.16,94,40,2.3
320,Aguimes,ES,2022-12-10 15:42:58,27.9054,-15.4461,71.65,88,20,12.66
321,Goderich,CA,2022-12-10 15:42:59,43.7501,-81.7165,33.91,69,28,20.71
322,Sorland,NO,2022-12-10 15:42:59,67.667,12.6934,30.06,58,77,5.14
323,Svetlogorsk,BY,2022-12-10 15:42:59,52.6333,29.7333,32.79,100,100,3.69
324,Terney,RU,2022-12-10 15:42:59,45.0503,136.6092,16.27,76,6,8.37
325,Guerrero Negro,MX,2022-12-10 15:43:00,27.9769,-114.0611,60.8,51,0,0.98
326,Sainte-Rose,GP,2022-12-10 15:43:00,16.3324,-61.6979,82.44,54,100,4.61
327,Yarke Pole,UA,2022-12-10 15:43:00,45.608,34.3172,54.48,80,100,12.57
328,Halvad,IN,2022-12-10 15:43:00,23.0167,71.1833,71.47,50,0,8.14
329,Talnakh,RU,2022-12-10 15:43:01,69.4865,88.3972,-26.25,92,64,2.3
330,Panikian,PH,2022-12-10 15:43:01,7.0107,126.0242,78.51,82,98,4.07
331,Los Llanos De Aridane,ES,2022-12-10 15:43:01,28.6585,-17.9182,73.15,98,40,10.36
332,Weston,US,2022-12-10 15:43:02,26.1004,-80.3998,81.0,70,0,10.36
333,Labuhan,ID,2022-12-10 15:43:02,-6.8844,112.2051,79.25,81,91,5.84
334,Ossora,RU,2022-12-10 15:43:02,59.2353,163.0719,5.41,80,0,8.57
335,Ushtobe,KZ,2022-12-10 15:43:02,45.2514,77.9838,1.72,87,6,6.2
336,Port Macquarie,AU,2022-12-10 15:43:03,-31.4333,152.9167,60.89,79,99,8.14
337,Broome,US,2022-12-10 15:43:03,42.2506,-75.833,33.85,71,0,5.75
338,Portland,US,2022-12-10 15:43:03,45.5234,-122.6762,47.05,95,100,10.36
339,Smidovich,RU,2022-12-10 15:43:04,48.6,133.8167,0.5,92,94,7.02
340,Honningsvag,NO,2022-12-10 15:43:04,70.9821,25.9704,22.75,63,40,12.66
341,Nedumangad,IN,2022-12-10 15:43:04,8.6,77.0,83.48,74,40,9.22
342,Belaya Gora,RU,2022-12-10 15:43:04,68.5333,146.4167,-24.43,99,100,7.7
343,Saint-Pierre,RE,2022-12-10 15:43:05,-21.3393,55.4781,78.91,73,100,13.8
344,Dubovka,RU,2022-12-10 15:43:05,49.0583,44.829,29.35,82,75,14.05
345,Tual,ID,2022-12-10 15:43:05,-5.6667,132.75,83.68,66,100,3.44
346,Ambulu,ID,2022-12-10 15:43:05,-8.345,113.6058,76.32,88,98,2.24
347,Paso De Los Toros,UY,2022-12-10 15:43:06,-32.8167,-56.5167,97.57,28,99,3.69
348,Blythe,US,2022-12-10 15:43:06,33.6103,-114.5964,37.85,52,0,5.75
349,Asau,RO,2022-12-10 15:43:06,46.4333,26.4,43.72,85,98,2.86
350,Ulladulla,AU,2022-12-10 15:43:07,-35.35,150.4667,53.13,89,5,4.59
351,Sergeyevka,KZ,2022-12-10 15:43:07,53.88,67.4158,5.43,83,96,8.59
352,Paamiut,GL,2022-12-10 15:43:07,61.994,-49.6678,23.0,64,6,12.86
353,Shumskiy,RU,2022-12-10 15:43:08,54.8318,99.1328,11.16,74,99,4.38
354,Xichang,CN,2022-12-10 15:43:08,27.8964,102.2634,44.98,78,0,3.13
355,Krasnozavodsk,RU,2022-12-10 15:43:08,56.45,38.2167,27.93,98,100,5.88
356,Pelileo,EC,2022-12-10 15:43:08,-1.3167,-78.5333,61.97,59,63,6.24
357,Grenada,ES,2022-12-10 15:43:09,37.1882,-3.6067,57.67,70,40,8.05
358,Araouane,ML,2022-12-10 15:43:09,18.9048,-3.5265,87.04,7,1,10.25
359,Matara,LK,2022-12-10 15:43:09,5.9485,80.5353,76.01,91,100,8.88
360,Qasigiannguit,GL,2022-12-10 15:43:09,68.8193,-51.1922,28.65,73,39,6.49
361,Dawlatabad,AF,2022-12-10 15:43:10,36.4141,64.9053,34.79,70,50,4.79
362,Sura,RU,2022-12-10 15:43:10,53.8879,45.7419,26.55,90,100,16.53
363,Panaba,MX,2022-12-10 15:43:10,21.2833,-88.2667,83.98,50,24,10.2
364,Puerto Suarez,BO,2022-12-10 15:43:11,-18.95,-57.8,95.56,49,40,8.05
365,Imatra,FI,2022-12-10 15:43:11,61.1719,28.7524,23.38,94,99,7.14
366,Progreso,MX,2022-12-10 15:44:11,21.2833,-89.6667,79.11,56,0,7.09
367,Ahuimanu,US,2022-12-10 15:44:11,21.4447,-157.8378,74.91,70,20,14.97
368,Santa Cruz De La Palma,ES,2022-12-10 15:44:12,28.6835,-17.7642,77.14,78,40,10.36
369,Skole,UA,2022-12-10 15:44:12,49.0372,23.5135,35.37,97,100,3.06
370,Manicore,BR,2022-12-10 15:44:12,-5.8092,-61.3003,89.55,70,75,4.61
371,Tura,IN,2022-12-10 15:44:13,25.5198,90.2201,60.4,80,68,3.18
372,Horsham,GB,2022-12-10 15:44:13,51.064,-0.3272,39.31,80,0,2.3
373,Kinsale,IE,2022-12-10 15:44:13,51.7075,-8.5306,42.17,75,20,6.91
374,Morehead,US,2022-12-10 15:44:13,37.2711,-87.1764,47.98,96,100,0.0
375,Moron,AR,2022-12-10 15:39:45,-34.6534,-58.6198,90.01,55,100,9.35
376,Coihaique,CL,2022-12-10 15:44:14,-45.5752,-72.0662,57.81,71,75,5.75
377,Meulaboh,ID,2022-12-10 15:44:14,4.1363,96.1285,76.06,90,100,9.89
378,Caimito,CO,2022-12-10 15:44:14,8.8123,-75.4107,82.04,71,41,2.89
379,Aykhal,RU,2022-12-10 15:44:15,66.0,111.5,-28.28,100,100,6.13
380,Hobyo,SO,2022-12-10 15:44:15,5.3505,48.5268,79.61,65,95,17.22
381,Kaeo,NZ,2022-12-10 15:44:15,-35.1,173.7833,67.32,95,100,4.16
382,Lompoc,US,2022-12-10 15:44:15,34.6391,-120.4579,55.53,96,100,13.8
383,Goba,ET,2022-12-10 15:44:16,7.0167,39.9833,55.65,62,67,3.69
384,Tabou,CI,2022-12-10 15:44:16,4.423,-7.3528,83.64,67,16,8.63
385,Norman Wells,CA,2022-12-10 15:44:16,65.282,-126.8329,-11.16,77,100,2.3
386,Tandil,AR,2022-12-10 15:42:53,-37.3217,-59.1332,91.31,14,0,6.62
387,Sakakah,SA,2022-12-10 15:44:17,29.9697,40.2064,67.57,47,0,4.0
388,San Jose De Guanipa,VE,2022-12-10 15:44:17,8.8872,-64.1651,84.52,51,51,7.65
389,Teknaf,BD,2022-12-10 15:44:17,20.8624,92.3058,72.43,69,7,8.03
390,Whitehorse,CA,2022-12-10 15:44:18,60.7161,-135.0538,0.37,78,75,5.75
391,Rio Gallegos,AR,2022-12-10 15:44:18,-51.6226,-69.2181,57.25,33,20,18.41
392,Karratha,AU,2022-12-10 15:44:18,-20.7377,116.8463,89.33,27,0,14.25
393,Varkaus,FI,2022-12-10 15:44:19,62.3153,27.873,24.31,95,100,9.6
394,Vila Franca Do Campo,PT,2022-12-10 15:44:19,37.7167,-25.4333,70.2,83,42,20.51
395,Hofn,IS,2022-12-10 15:44:19,64.2539,-15.2082,30.61,58,53,10.65
396,Naze,JP,2022-12-10 15:44:19,28.3667,129.4833,68.92,75,19,12.26
397,Aklavik,CA,2022-12-10 15:44:20,68.2191,-135.0107,-9.4,77,75,3.44
398,Katsuura,JP,2022-12-10 15:44:20,35.1333,140.3,56.32,71,0,10.45
399,Pimentel,PE,2022-12-10 15:44:20,-6.8367,-79.9342,75.49,57,0,13.8
400,Ancud,CL,2022-12-10 15:44:20,-41.8697,-73.8203,60.37,71,5,10.27
401,Galesong,ID,2022-12-10 15:44:21,-5.3166,119.3661,78.82,80,78,5.3
402,Yumen,CN,2022-12-10 15:44:21,40.2833,97.2,17.83,64,100,19.93
403,Xixiang,CN,2022-12-10 15:44:21,35.1628,112.865,34.18,28,88,2.24
404,Kisanga,TZ,2022-12-10 15:44:22,-7.4362,37.7034,84.52,52,73,4.83
405,Hami,CN,2022-12-10 15:44:22,42.8,93.45,23.88,44,100,7.43
406,Lubumbashi,CD,2022-12-10 15:44:22,-11.6609,27.4794,73.08,61,72,0.89
407,Charsadda,PK,2022-12-10 15:44:23,34.1435,71.7317,57.81,35,90,3.04
408,Muisne,EC,2022-12-10 15:44:23,0.6,-80.0333,75.11,78,100,8.5
409,Wilmington,US,2022-12-10 15:44:23,34.2257,-77.9447,55.99,69,75,10.36
410,Bulanash,RU,2022-12-10 15:44:23,57.2783,61.9965,17.85,76,100,8.43
411,Surt,LY,2022-12-10 15:44:24,31.2089,16.5887,79.41,32,67,11.83
412,Forest Grove,US,2022-12-10 15:45:24,45.5198,-123.1107,46.18,82,100,9.22
413,Ballitoville,ZA,2022-12-10 15:45:24,-29.539,31.2144,77.16,78,20,10.36
414,Baykit,RU,2022-12-10 15:45:25,61.67,96.37,-7.89,98,100,3.36
415,Umm Lajj,SA,2022-12-10 15:45:25,25.0213,37.2685,80.74,37,0,14.23
416,Fare,PF,2022-12-10 15:45:25,-16.7,-151.0167,79.61,71,86,9.08
417,Campina Verde,BR,2022-12-10 15:45:25,-19.5356,-49.4864,90.95,41,91,7.45
418,Payyannur,IN,2022-12-10 15:45:26,12.1,75.2,77.16,75,100,7.9
419,Mporokoso,ZM,2022-12-10 15:45:26,-9.3727,30.125,66.38,84,66,1.07
420,Springbok,ZA,2022-12-10 15:45:26,-29.6643,17.8865,72.25,48,2,16.55
421,Martapura,ID,2022-12-10 15:45:27,-3.4167,114.85,78.89,94,100,1.14
422,Ormoz,SI,2022-12-10 15:45:27,46.4114,16.1544,36.28,99,100,8.05
423,Egvekinot,RU,2022-12-10 15:45:27,66.3167,-179.1667,7.79,93,100,18.05
424,Brownsville,US,2022-12-10 15:45:07,25.9018,-97.4975,77.97,89,0,10.36
425,Nakamura,JP,2022-12-10 15:45:28,32.9833,132.9333,51.46,92,100,4.12
426,Ostrava,CZ,2022-12-10 15:45:28,49.8346,18.282,33.96,100,100,10.36
427,Brownwood,US,2022-12-10 15:45:12,31.7093,-98.9912,67.32,96,75,4.61
428,Yashalta,RU,2022-12-10 15:45:28,46.3395,42.2762,40.14,82,75,14.67
429,Geraldton,AU,2022-12-10 15:40:30,-28.7667,114.6,63.01,59,0,12.66
430,Ozark,US,2022-12-10 15:45:29,37.0209,-93.206,45.07,97,100,1.01
431,Camacari,BR,2022-12-10 15:45:29,-12.6975,-38.3242,83.97,57,87,7.23
432,Terrace,CA,2022-12-10 15:43:08,54.5163,-128.6035,30.11,69,75,14.97
433,Ormara,PK,2022-12-10 15:45:29,25.2088,64.6357,77.0,61,0,4.59
434,Alexandria,EG,2022-12-10 15:45:15,31.2156,29.9553,66.74,69,4,5.95
435,Arak,IR,2022-12-10 15:45:30,34.0917,49.6892,35.33,63,75,5.97
436,Limulunga,ZM,2022-12-10 15:45:30,-15.0969,23.1376,76.68,64,96,3.36
437,Khatassy,RU,2022-12-10 15:45:30,61.9036,129.6383,-41.82,98,100,3.06
438,Killybegs,IE,2022-12-10 15:45:31,54.6333,-8.45,38.91,70,70,6.04
439,Chipinge,ZW,2022-12-10 15:45:31,-20.1883,32.6236,72.18,68,60,4.25
440,Gympie,AU,2022-12-10 15:45:31,-26.1898,152.665,67.33,80,98,2.95
441,Necochea,AR,2022-12-10 15:45:31,-38.5473,-58.7368,83.89,28,0,5.7
442,Umtata,ZA,2022-12-10 15:45:32,-31.5889,28.7844,72.16,78,100,4.61
443,Iskitim,RU,2022-12-10 15:42:51,54.6366,83.3045,4.87,95,100,12.8
444,Garden City,US,2022-12-10 15:45:32,42.3256,-83.331,35.15,80,100,12.66
445,Honiara,SB,2022-12-10 15:45:32,-9.4333,159.95,77.72,86,100,1.77
446,Bandarbeyla,SO,2022-12-10 15:45:33,9.4942,50.8122,78.06,69,9,19.98
447,Spearfish,US,2022-12-10 15:45:33,44.4908,-103.8594,33.89,50,0,8.99
448,Kismayo,SO,2022-12-10 15:45:33,-0.3582,42.5454,80.76,76,51,12.41
449,Taltal,CL,2022-12-10 15:45:33,-25.4,-70.4833,68.05,71,100,4.83
450,Vidalia,US,2022-12-10 15:45:34,32.2177,-82.4135,56.98,94,100,6.91
451,Krasnoye-Na-Volge,RU,2022-12-10 15:45:34,57.5125,41.2419,24.67,97,100,5.82
452,Kaura Namoda,NG,2022-12-10 15:45:34,12.5898,6.5779,87.69,10,3,9.89
453,Okha,RU,2022-12-10 15:45:35,53.5739,142.9478,-0.4,97,100,6.49
454,Roald,NO,2022-12-10 15:45:35,62.5833,6.1333,28.76,63,0,13.8
455,Sakaiminato,JP,2022-12-10 15:45:35,35.55,133.2333,46.38,87,75,5.75
456,Aksay,RU,2022-12-10 15:45:35,47.26,39.87,38.25,67,100,8.99
457,Mehamn,NO,2022-12-10 15:45:36,71.0357,27.8492,19.31,73,0,12.66
458,Henties Bay,NA,2022-12-10 15:45:36,-22.116,14.2845,64.36,78,6,14.05
459,Le Port,RE,2022-12-10 15:45:36,-20.9373,55.2919,79.25,71,42,3.13
460,Lazaro Cardenas,MX,2022-12-10 15:45:36,17.9583,-102.2,79.79,69,12,0.29
461,Hanzhong,CN,2022-12-10 15:46:37,33.0728,107.0303,46.11,55,99,2.71
462,Torbat-E Jam,IR,2022-12-10 15:46:37,35.244,60.6225,33.06,58,100,1.45
463,Lamar,US,2022-12-10 15:46:37,33.6668,-95.5836,69.37,96,100,9.22
464,Buckeye,US,2022-12-10 15:46:38,33.3703,-112.5838,51.19,70,0,0.0
465,Ladario,BR,2022-12-10 15:46:38,-19.0047,-57.6017,95.29,49,40,8.05
466,Iralaya,HN,2022-12-10 15:46:38,15.0,-83.2333,81.14,68,5,10.78
467,Diofior,SN,2022-12-10 15:46:38,14.1833,-16.6667,93.7,25,0,2.44
468,Sawtell,AU,2022-12-10 15:46:39,-30.3833,153.1,65.19,88,100,9.22
469,Puerto Madryn,AR,2022-12-10 15:46:39,-42.7692,-65.0385,76.64,21,25,17.52
470,Sturgeon Falls,CA,2022-12-10 15:46:39,46.3646,-79.9326,22.05,55,10,10.63
471,The Valley,AI,2022-12-10 15:46:40,18.217,-63.0578,84.06,65,0,6.24
472,Yambio,SS,2022-12-10 15:46:40,4.5721,28.3955,77.97,57,57,2.51
473,Pontes E Lacerda,BR,2022-12-10 15:46:40,-15.2261,-59.3353,92.95,42,100,8.21
474,Vestmanna,FO,2022-12-10 15:46:40,62.1564,-7.1664,36.52,75,20,16.11
475,Bafilo,TG,2022-12-10 15:46:41,9.35,1.2667,90.61,10,0,5.99
476,Ponta Delgada,PT,2022-12-10 15:46:41,37.7333,-25.6667,70.5,88,20,16.11
477,Khingansk,RU,2022-12-10 15:46:41,49.1167,131.1833,-7.67,100,100,2.57
478,Am Timan,TD,2022-12-10 15:46:41,11.0297,20.2827,85.32,16,55,4.59
479,Oriximina,BR,2022-12-10 15:46:42,-1.7656,-55.8661,94.6,39,82,4.5
480,Faya,SA,2022-12-10 15:46:42,18.3851,42.4509,62.71,68,19,4.5
481,Barbastro,ES,2022-12-10 15:46:42,42.0356,0.1269,44.78,50,5,11.77
482,Fuzhou,CN,2022-12-10 15:46:43,26.0614,119.3061,62.49,90,100,2.53
483,Guapiles,CR,2022-12-10 15:46:43,10.2159,-83.7866,88.21,60,6,5.23
484,Lima,PE,2022-12-10 15:43:52,-12.0432,-77.0282,70.05,73,40,6.91
485,Hirara,JP,2022-12-10 15:46:43,24.8,125.2833,73.8,78,67,19.08
486,Wanning,CN,2022-12-10 15:46:43,18.8003,110.3967,66.9,78,87,8.72
487,Ambon,ID,2022-12-10 15:46:44,-3.6954,128.1814,79.23,14,20,5.75
488,Manacapuru,BR,2022-12-10 15:46:44,-3.2997,-60.6206,91.81,47,61,1.88
489,Merauke,ID,2022-12-10 15:42:33,-8.4667,140.3333,81.46,75,99,5.12
490,Pisco,PE,2022-12-10 15:46:44,-13.7,-76.2167,71.65,78,0,6.91
491,Marsh Harbour,BS,2022-12-10 15:46:45,26.5412,-77.0636,76.05,72,4,10.25
492,Mount Isa,AU,2022-12-10 15:46:45,-20.7333,139.5,80.37,21,0,1.14
493,Vila,PT,2022-12-10 15:46:45,42.0304,-8.1588,41.7,89,98,2.3
494,Gore,NZ,2022-12-10 15:46:45,-46.1028,168.9436,49.17,99,99,0.27
495,Monte Gordo,PT,2022-12-10 15:46:46,37.1819,-7.4523,62.55,85,95,7.76
496,Sao Joao Da Barra,BR,2022-12-10 15:46:46,-21.6403,-41.0511,87.89,80,38,8.68
497,Trelew,AR,2022-12-10 15:46:46,-43.249,-65.3051,80.13,12,9,20.76
498,Santa Cruz,BO,2022-12-10 15:45:04,-17.8,-63.1667,90.86,58,75,26.46
499,Nioro,GM,2022-12-10 15:46:46,13.35,-15.75,99.34,15,0,6.89
500,Wahiawa,US,2022-12-10 15:43:35,21.5028,-158.0236,71.92,64,75,4.61
501,Imeni Poliny Osipenko,RU,2022-12-10 15:46:47,52.4201,136.4853,-15.54,100,84,0.83
502,Waingapu,ID,2022-12-10 15:46:47,-9.6567,120.2641,79.95,79,100,5.3
503,Guiuan,PH,2022-12-10 15:46:47,11.0333,125.7247,80.35,83,100,8.66
504,Odweyne,SO,2022-12-10 15:46:48,9.4092,45.064,69.62,51,8,13.18
505,Axim,GH,2022-12-10 15:46:48,4.8699,-2.2405,82.44,73,40,7.05
506,Flin Flon,CA,2022-12-10 15:45:17,54.7682,-101.865,13.84,85,100,3.44
507,Santa Fe,AR,2022-12-10 15:44:31,-31.6333,-60.7,81.28,77,100,8.77
508,Kushmurun,KZ,2022-12-10 15:47:48,52.4503,64.6311,1.6,81,38,8.66
509,Pitimbu,BR,2022-12-10 15:47:49,-7.4706,-34.8086,88.39,68,43,10.94
510,Godeanu,RO,2022-12-10 15:47:49,44.8005,22.6079,43.45,93,96,3.62
511,Bilma,NE,2022-12-10 15:47:49,18.6853,12.9164,78.46,11,0,9.26
512,Mabay,PH,2022-12-10 15:47:49,6.0577,124.4666,77.16,80,96,5.61
513,Jega,NG,2022-12-10 15:47:50,12.2175,4.3792,90.82,10,0,10.22
514,Herat,AF,2022-12-10 15:47:50,34.5,62.0,33.71,57,99,7.61
515,Nouadhibou,MR,2022-12-10 15:47:50,20.931,-17.0347,76.98,65,1,13.8
516,Maningrida,AU,2022-12-10 15:47:50,-12.0667,134.2667,81.59,65,100,5.7
517,Lavrentiya,RU,2022-12-10 15:47:51,65.5833,-171.0,27.68,97,100,26.98
518,Bogorodskoye,RU,2022-12-10 15:47:51,56.55,37.8833,27.36,98,100,6.35
519,Sukhobezvodnoye,RU,2022-12-10 15:47:51,57.0491,44.8891,25.99,97,100,5.86
520,Mocuba,MZ,2022-12-10 15:47:51,-16.8392,36.9856,79.21,67,73,7.49
521,Kieta,PG,2022-12-10 15:47:52,-6.2167,155.6333,78.58,83,100,0.36
522,Wagga Wagga,AU,2022-12-10 15:47:52,-35.1167,147.3667,58.84,48,31,5.14
523,Alekseyevka,RU,2022-12-10 15:47:52,50.6309,38.6903,37.45,97,100,17.87
524,Maicao,CO,2022-12-10 15:47:53,11.3832,-72.2432,81.1,68,78,11.43
525,Bullhead City,US,2022-12-10 15:47:53,35.1478,-114.5683,50.94,33,77,2.77
526,Westport,US,2022-12-10 15:47:53,41.1415,-73.3579,38.44,55,75,13.8
527,Bada,RU,2022-12-10 15:43:42,51.392,109.8717,-4.54,93,5,4.0
528,Bridgewater,CA,2022-12-10 15:45:14,44.3835,-64.5155,35.22,82,100,12.66
529,Marrakesh,MA,2022-12-10 15:47:53,31.6315,-8.0083,69.87,52,40,3.44
530,Raglan,NZ,2022-12-10 15:47:54,-37.8,174.8833,65.08,98,100,5.1
531,Ambunti,PG,2022-12-10 15:47:54,-4.2365,142.8448,74.32,98,99,0.98
532,Palmares Do Sul,BR,2022-12-10 15:47:54,-30.2578,-50.5097,84.38,56,97,7.16
533,Avera,US,2022-12-10 15:47:54,33.194,-82.5271,52.38,83,97,8.16
534,Rio Claro,BR,2022-12-10 15:47:55,-22.4114,-47.5614,91.94,37,6,4.68
535,Yelan-Koleno,RU,2022-12-10 15:47:55,51.1523,41.2306,33.94,91,100,17.78
536,Constantine,DZ,2022-12-10 15:47:55,36.365,6.6147,56.61,76,75,13.8
537,Petrov Val,RU,2022-12-10 15:47:56,50.1434,45.2096,23.63,75,73,14.34
538,Huaicheng,CN,2022-12-10 15:47:56,23.9051,112.1931,50.22,77,3,3.15
539,Lebedyan,RU,2022-12-10 15:47:56,53.0194,39.1664,34.61,99,100,15.7
540,Kholm,RU,2022-12-10 15:47:56,59.2667,32.85,23.76,88,100,4.92
541,Makakilo City,US,2022-12-10 15:46:39,21.3469,-158.0858,73.72,63,75,14.97
542,Pansoy,PH,2022-12-10 15:47:57,13.1825,122.5989,73.8,93,100,7.05
543,Ulaanbaatar,MN,2022-12-10 15:46:39,47.9077,106.8832,-14.67,70,70,2.24
544,Hereford,GB,2022-12-10 15:47:57,52.0568,-2.7148,38.8,87,21,4.32
545,Bambamarca,PE,2022-12-10 15:47:57,-6.6833,-78.5333,60.75,76,99,5.41
546,Kutum,SD,2022-12-10 15:47:58,14.2,24.6667,68.81,11,3,9.26
547,Leshukonskoye,RU,2022-12-10 15:47:58,64.8989,45.7622,-8.7,96,89,4.52
548,Roseburg,US,2022-12-10 15:47:58,43.2165,-123.3417,46.51,76,100,10.36
549,Sai Buri,TH,2022-12-10 15:47:58,6.7013,101.6168,76.23,88,96,10.07
550,Viesca,MX,2022-12-10 15:47:59,25.35,-102.8,69.49,39,10,7.47
551,Zaysan,KZ,2022-12-10 15:47:59,47.4667,84.8667,-2.67,75,45,7.74
552,Quelimane,MZ,2022-12-10 15:47:59,-17.8786,36.8883,87.75,62,20,10.36
553,Gigmoto,PH,2022-12-10 15:47:59,13.7796,124.39,77.67,90,100,9.64
554,Katherine,AU,2022-12-10 15:49:00,-14.4667,132.2667,86.32,62,40,10.36
555,Veinticinco De Mayo,AR,2022-12-10 15:49:00,-35.4323,-60.1727,89.98,49,0,3.0
556,Punta Umbria,ES,2022-12-10 15:49:00,37.1821,-6.9661,62.24,71,96,7.85
557,Elizabeth City,US,2022-12-10 15:49:01,36.2946,-76.2511,51.82,73,0,9.22
558,Morro Bay,US,2022-12-10 15:48:17,35.3658,-120.8499,56.28,97,99,5.99
559,San Ramon,US,2022-12-10 15:48:58,37.7799,-121.978,57.4,87,100,21.85
560,Calama,CL,2022-12-10 15:49:01,-22.4667,-68.9333,73.89,25,0,21.85
561,Acari,PE,2022-12-10 15:49:01,-15.4311,-74.6158,79.48,58,99,10.25
562,Port-Cartier,CA,2022-12-10 15:49:01,50.0334,-66.8654,12.74,64,6,10.09
563,Rtishchevo,RU,2022-12-10 15:49:02,52.2604,43.7874,28.29,87,100,18.52
564,Zhanaozen,KZ,2022-12-10 15:49:02,43.3,52.8,23.99,36,0,18.66
565,Cefalu,IT,2022-12-10 15:49:02,38.0386,14.0229,65.53,71,100,14.0
566,Deputatskiy,RU,2022-12-10 15:49:03,69.3,139.9,-28.01,94,100,7.25
567,Konstantinovka,RU,2022-12-10 15:49:03,49.6167,127.9833,-13.16,97,36,3.87
568,Charlotte,US,2022-12-10 15:45:02,35.2271,-80.8431,49.17,79,100,6.91
569,Sur,OM,2022-12-10 15:49:03,22.5667,59.5289,76.33,65,5,8.39
570,Casa Nova,BR,2022-12-10 15:49:04,-9.4167,-41.1333,90.14,38,69,4.18
571,Dasuya,IN,2022-12-10 15:49:04,31.8183,75.6597,62.13,46,59,5.17
